signal_id,ticker,ticker_display,instrument_type,direction,confidence,timestamp,market_regime,proof_hash,signature,public_key_fingerprint,outcome,price_change_pct,label,data_sources
AV-2026-0517-001,RELIANCE.NS,"Reliance Industries",Stock,BULLISH,78,2026-05-17T09:30:00,RISK_ON,0x1a2b3c4d5e6f7a8b9c0d1e2f3a4b5c6d7e8f9a0b1c2d3e4f5a6b7c8d9e0f1a2b3c,MEUCIQD...live-sig-1...,0xA1B2C3D4E5F6,PENDING,undefined,"LIVE SIGNAL","Yahoo Finance;Technical Analysis;NSE India"
AV-2026-0517-002,^NSEI,"Nifty 50",Index,BULLISH,82,2026-05-17T09:30:00,RISK_ON,0x2b3c4d5e6f7a8b9c0d1e2f3a4b5c6d7e8f9a0b1c2d3e4f5a6b7c8d9e0f1a2b3c4,MEUCIQD...live-sig-2...,0xA1B2C3D4E5F6,PENDING,undefined,"LIVE SIGNAL","Yahoo Finance;Technical Analysis"
AV-2026-0516-001,NIFTY,"Nifty 50",Index,BULLISH,87.5,2026-05-16T09:30:00,Bullish Accumulation,0x7f9a2b3c4d5e6f1a2b3c4d5e6f7a8b9c0d1e2f3a4b5c6d7e8f9a0b1c2d3e4f5,MEUCIQD...signature-placeholder...,0xA1B2C3D4E5F6,PENDING,undefined,"undefined","Yahoo Finance, FRED, NSE"
AV-2026-0515-042,RELIANCE,"Reliance Industries",Stock,BULLISH,82.3,2026-05-15T14:22:00,Trending Up,0x1a2b3c4d5e6f7a8b9c0d1e2f3a4b5c6d7e8f9a0b1c2d3e4f5a6b7c8d9e0f1a2b3c,MEUCIQ...signature-placeholder-2...,0xA1B2C3D4E5F6,SUCCESS,3.2,"undefined","Yahoo Finance, SEC EDGAR, NSE"
AV-2026-0514-038,USDINR=X,"USD/INR",Forex,BEARISH,76.8,2026-05-14T11:45:00,Range Bound,0x9f8e7d6c5b4a3f2e1d0c9b8a7f6e5d4c3b2a1f0e9d8c7b6a5f4e3d2c1b0a9f8e,MEQC...signature-placeholder-3...,0xA1B2C3D4E5F6,SUCCESS,-1.8,"undefined","FRED, Yahoo Finance"
AV-2026-0513-029,TCS.NS,"TCS Ltd",Stock,BULLISH,79.5,2026-05-13T10:15:00,Bullish Continuation,0x8a7b6c5d4e3f2a1b0c9d8e7f6a5b4c3d2e1f0a9b8c7d6e5f4a3b2c1d0e9f8,MEQC...signature-placeholder-4...,0xA1B2C3D4E5F6,SUCCESS,2.1,"undefined","Yahoo Finance, NSE"
AV-2026-0512-025,^NSEI,"Nifty 50",Index,BEARISH,71.2,2026-05-12T15:45:00,Profit Taking,0x7b6a5c4d3e2f1a0b9c8d7e6f5a4b3c2d1e0f9a8b7c6d5e4f3a2b1c0d9e8f7,MEQC...signature-placeholder-5...,0xA1B2C3D4E5F6,FAILED,1.5,"undefined","FRED, NSE"
AV-202511-01-001,HDFCBANK.NS,"HDFCBANK",Stock,BULLISH,71,2025-11-01T09:30:00,NEUTRAL,0xe41ed004ec2cb,MEUCIbiyle7831kd,0xA1B2C3D4E5F6,FAILED,-1.9,"HISTORICAL BACKTEST","Yahoo Finance;Technical Analysis;NSE India"
AV-202511-01-002,RELIANCE.NS,"RELIANCE",Stock,BULLISH,77,2025-11-01T09:30:00,NEUTRAL,0x625fc7f37a3f3,MEUCIvkrfoeep1mo,0xA1B2C3D4E5F6,SUCCESS,3.5,"HISTORICAL BACKTEST","Yahoo Finance;Technical Analysis;NSE India"
AV-202511-03-003,HDFCBANK.NS,"HDFCBANK",Stock,BEARISH,76,2025-11-03T09:30:00,NEUTRAL,0x583dc8de564fb,MEUCIvrlpykietd,0xA1B2C3D4E5F6,SUCCESS,0.7,"HISTORICAL BACKTEST","Yahoo Finance;Technical Analysis;NSE India"
AV-202511-03-004,TCS.NS,"TCS",Stock,BULLISH,73,2025-11-03T09:30:00,NEUTRAL,0x95be8b70aee9d,MEUCIol79wzwvovb,0xA1B2C3D4E5F6,PENDING,,"HISTORICAL BACKTEST","Yahoo Finance;Technical Analysis;NSE India"
AV-202511-05-005,^NSEBANK,"Nifty NSEBANK",Index,BULLISH,88,2025-11-05T09:30:00,NEUTRAL,0x36c185b2fb023,MEUCIdgpditi5p9j,0xA1B2C3D4E5F6,PARTIAL,0,"HISTORICAL BACKTEST","Yahoo Finance;Technical Analysis;NSE India"
AV-202511-05-006,TCS.NS,"TCS",Stock,BULLISH,71,2025-11-05T09:30:00,NEUTRAL,0x2fd98ecc3e601,MEUCIae0cye5muqd,0xA1B2C3D4E5F6,FAILED,-0.4,"HISTORICAL BACKTEST","Yahoo Finance;Technical Analysis;NSE India"
AV-202511-05-007,INFY.NS,"INFY",Stock,BEARISH,65,2025-11-05T09:30:00,NEUTRAL,0x87dfa7f4f989,MEUCIpg0fk2dhv6o,0xA1B2C3D4E5F6,PARTIAL,0.6,"HISTORICAL BACKTEST","Yahoo Finance;Technical Analysis;NSE India"
AV-202511-07-008,INFY.NS,"INFY",Stock,BULLISH,78,2025-11-07T09:30:00,RISK_ON,0xe6955466678d8,MEUCI6tvddd5hao9,0xA1B2C3D4E5F6,PARTIAL,-0.9,"HISTORICAL BACKTEST","Yahoo Finance;Technical Analysis;NSE India"
AV-202511-07-009,TCS.NS,"TCS",Stock,BEARISH,83,2025-11-07T09:30:00,NEUTRAL,0x401da0dcacea3,MEUCI4cwlgnf8v35,0xA1B2C3D4E5F6,PENDING,,"HISTORICAL BACKTEST","Yahoo Finance;Technical Analysis;NSE India"
AV-202511-09-010,^NSEI,"Nifty NSEI",Index,BEARISH,78,2025-11-09T09:30:00,RISK_OFF,0x8ea507b342188,MEUCIpgk92bn5m2d,0xA1B2C3D4E5F6,SUCCESS,1.4,"HISTORICAL BACKTEST","Yahoo Finance;Technical Analysis;NSE India"
AV-202511-09-011,ICICIBANK.NS,"ICICIBANK",Stock,BEARISH,73,2025-11-09T09:30:00,NEUTRAL,0x6b114c86a97c8,MEUCI50yaun4mtt9,0xA1B2C3D4E5F6,PENDING,,"HISTORICAL BACKTEST","Yahoo Finance;Technical Analysis;NSE India"
AV-202511-11-012,INFY.NS,"INFY",Stock,BULLISH,92,2025-11-11T09:30:00,RISK_ON,0x52175e6310797,MEUCIswzjtx4dey,0xA1B2C3D4E5F6,SUCCESS,2.1,"HISTORICAL BACKTEST","Yahoo Finance;Technical Analysis;NSE India"
AV-202511-11-013,^NSEBANK,"Nifty NSEBANK",Index,BULLISH,70,2025-11-11T09:30:00,NEUTRAL,0xa377810daf548,MEUCIgm1ksttg6kj,0xA1B2C3D4E5F6,PENDING,,"HISTORICAL BACKTEST","Yahoo Finance;Technical Analysis;NSE India"
AV-202511-11-014,HDFCBANK.NS,"HDFCBANK",Stock,BEARISH,87,2025-11-11T09:30:00,RISK_OFF,0x938e99ea20ad5,MEUCIlgkrah7fhx,0xA1B2C3D4E5F6,PENDING,,"HISTORICAL BACKTEST","Yahoo Finance;Technical Analysis;NSE India"
AV-202511-13-015,RELIANCE.NS,"RELIANCE",Stock,BULLISH,65,2025-11-13T09:30:00,RISK_ON,0xe700ef549e10f,MEUCIjrx7z49c4oh,0xA1B2C3D4E5F6,PARTIAL,0.7,"HISTORICAL BACKTEST","Yahoo Finance;Technical Analysis;NSE India"
AV-202511-13-016,RELIANCE.NS,"RELIANCE",Stock,BULLISH,76,2025-11-13T09:30:00,NEUTRAL,0x37041d30f9691,MEUCIywerhtqwx3f,0xA1B2C3D4E5F6,FAILED,-0.4,"HISTORICAL BACKTEST","Yahoo Finance;Technical Analysis;NSE India"
AV-202511-13-017,^NSEBANK,"Nifty NSEBANK",Index,BULLISH,71,2025-11-13T09:30:00,NEUTRAL,0xe234e8c2b6dc7,MEUCI9dun2m1xvtj,0xA1B2C3D4E5F6,SUCCESS,2.5,"HISTORICAL BACKTEST","Yahoo Finance;Technical Analysis;NSE India"
AV-202511-15-018,INFY.NS,"INFY",Stock,BULLISH,81,2025-11-15T09:30:00,NEUTRAL,0x6f410dbe25d9d,MEUCId7aqk9i7s3t,0xA1B2C3D4E5F6,PARTIAL,-0.6,"HISTORICAL BACKTEST","Yahoo Finance;Technical Analysis;NSE India"
AV-202511-15-019,USDINR=X,"USDINR=X",Forex,BULLISH,74,2025-11-15T09:30:00,RISK_OFF,0x61dbe5784a2f5,MEUCIw770zwdwwcb,0xA1B2C3D4E5F6,PARTIAL,-0.4,"HISTORICAL BACKTEST","Yahoo Finance;Technical Analysis;NSE India"
AV-202511-15-020,ICICIBANK.NS,"ICICIBANK",Stock,BEARISH,93,2025-11-15T09:30:00,RISK_ON,0x6d782ace23cd8,MEUCInqb3apnmxf,0xA1B2C3D4E5F6,FAILED,-1.2,"HISTORICAL BACKTEST","Yahoo Finance;Technical Analysis;NSE India"
AV-202511-17-021,ICICIBANK.NS,"ICICIBANK",Stock,BEARISH,72,2025-11-17T09:30:00,RISK_OFF,0xa2440235ef217,MEUCIg54q2bes23k,0xA1B2C3D4E5F6,PENDING,,"HISTORICAL BACKTEST","Yahoo Finance;Technical Analysis;NSE India"
AV-202511-17-022,INFY.NS,"INFY",Stock,BEARISH,80,2025-11-17T09:30:00,RISK_OFF,0x8caa1261c6243,MEUCIki5chxiuma,0xA1B2C3D4E5F6,SUCCESS,3.7,"HISTORICAL BACKTEST","Yahoo Finance;Technical Analysis;NSE India"
AV-202511-17-023,USDINR=X,"USDINR=X",Forex,BULLISH,89,2025-11-17T09:30:00,NEUTRAL,0xb8555a73b9b87,MEUCIxyj1d4dokla,0xA1B2C3D4E5F6,SUCCESS,2.6,"HISTORICAL BACKTEST","Yahoo Finance;Technical Analysis;NSE India"
AV-202511-17-024,HDFCBANK.NS,"HDFCBANK",Stock,BEARISH,70,2025-11-17T09:30:00,NEUTRAL,0xd91fe375085bf,MEUCIvtfk43f2in,0xA1B2C3D4E5F6,PENDING,,"HISTORICAL BACKTEST","Yahoo Finance;Technical Analysis;NSE India"
AV-202511-19-025,INFY.NS,"INFY",Stock,BEARISH,92,2025-11-19T09:30:00,RISK_ON,0x0f92e15226a8e,MEUCI83qqn4y6uk2,0xA1B2C3D4E5F6,FAILED,-2.4,"HISTORICAL BACKTEST","Yahoo Finance;Technical Analysis;NSE India"
AV-202511-19-026,USDINR=X,"USDINR=X",Forex,BULLISH,65,2025-11-19T09:30:00,RISK_ON,0xf0e0c0aafc28c,MEUCI9xa3l4y6y1e,0xA1B2C3D4E5F6,PARTIAL,-1,"HISTORICAL BACKTEST","Yahoo Finance;Technical Analysis;NSE India"
AV-202511-21-027,INFY.NS,"INFY",Stock,BEARISH,88,2025-11-21T09:30:00,NEUTRAL,0x86dbb57a7e498,MEUCIu3frft456sa,0xA1B2C3D4E5F6,PENDING,,"HISTORICAL BACKTEST","Yahoo Finance;Technical Analysis;NSE India"
AV-202511-21-028,^NSEBANK,"Nifty NSEBANK",Index,BULLISH,74,2025-11-21T09:30:00,NEUTRAL,0x241a3fc30fac4,MEUCIcmldfuk9cir,0xA1B2C3D4E5F6,SUCCESS,3.8,"HISTORICAL BACKTEST","Yahoo Finance;Technical Analysis;NSE India"
AV-202511-21-029,HDFCBANK.NS,"HDFCBANK",Stock,BULLISH,86,2025-11-21T09:30:00,NEUTRAL,0x92070ffad9e12,MEUCIprdgr1q1e9n,0xA1B2C3D4E5F6,PARTIAL,0.6,"HISTORICAL BACKTEST","Yahoo Finance;Technical Analysis;NSE India"
AV-202511-21-030,^NSEI,"Nifty NSEI",Index,BULLISH,88,2025-11-21T09:30:00,NEUTRAL,0xb790bb333a61,MEUCIthryepd61o,0xA1B2C3D4E5F6,PARTIAL,0,"HISTORICAL BACKTEST","Yahoo Finance;Technical Analysis;NSE India"
AV-202511-23-031,TCS.NS,"TCS",Stock,BEARISH,73,2025-11-23T09:30:00,RISK_ON,0xbda232aba9e4d,MEUCIumrk2gknzc,0xA1B2C3D4E5F6,PENDING,,"HISTORICAL BACKTEST","Yahoo Finance;Technical Analysis;NSE India"
AV-202511-23-032,^NSEBANK,"Nifty NSEBANK",Index,BULLISH,65,2025-11-23T09:30:00,NEUTRAL,0x6a70167f3d033,MEUCI794laaxf0yy,0xA1B2C3D4E5F6,SUCCESS,3.3,"HISTORICAL BACKTEST","Yahoo Finance;Technical Analysis;NSE India"
AV-202511-23-033,^NSEBANK,"Nifty NSEBANK",Index,BEARISH,84,2025-11-23T09:30:00,NEUTRAL,0xebc516d5697d9,MEUCIcf5raq1l17v,0xA1B2C3D4E5F6,FAILED,-2.7,"HISTORICAL BACKTEST","Yahoo Finance;Technical Analysis;NSE India"
AV-202511-23-034,INFY.NS,"INFY",Stock,BEARISH,74,2025-11-23T09:30:00,RISK_ON,0xf5d9e9f5471de,MEUCIjjclsop81c,0xA1B2C3D4E5F6,SUCCESS,0.2,"HISTORICAL BACKTEST","Yahoo Finance;Technical Analysis;NSE India"
AV-202511-25-035,ICICIBANK.NS,"ICICIBANK",Stock,BULLISH,81,2025-11-25T09:30:00,NEUTRAL,0xea5e778bba284,MEUCI4a6s93oq61p,0xA1B2C3D4E5F6,PARTIAL,0.4,"HISTORICAL BACKTEST","Yahoo Finance;Technical Analysis;NSE India"
AV-202511-25-036,HDFCBANK.NS,"HDFCBANK",Stock,BEARISH,74,2025-11-25T09:30:00,RISK_ON,0xd31e8a3ede946,MEUCIkffz83difs,0xA1B2C3D4E5F6,PARTIAL,-0.5,"HISTORICAL BACKTEST","Yahoo Finance;Technical Analysis;NSE India"
AV-202511-25-037,TCS.NS,"TCS",Stock,BEARISH,88,2025-11-25T09:30:00,RISK_OFF,0x78777e4ad49da,MEUCIp9l6dhezwae,0xA1B2C3D4E5F6,PENDING,,"HISTORICAL BACKTEST","Yahoo Finance;Technical Analysis;NSE India"
AV-202511-25-038,^NSEI,"Nifty NSEI",Index,BULLISH,69,2025-11-25T09:30:00,RISK_OFF,0x919b5b345bad6,MEUCIij83484fac9,0xA1B2C3D4E5F6,SUCCESS,0.1,"HISTORICAL BACKTEST","Yahoo Finance;Technical Analysis;NSE India"
AV-202511-27-039,^NSEBANK,"Nifty NSEBANK",Index,BEARISH,73,2025-11-27T09:30:00,NEUTRAL,0x01f750c57b7a9,MEUCI29xn4j0ld7b,0xA1B2C3D4E5F6,PENDING,,"HISTORICAL BACKTEST","Yahoo Finance;Technical Analysis;NSE India"
AV-202511-27-040,INFY.NS,"INFY",Stock,BEARISH,79,2025-11-27T09:30:00,RISK_OFF,0x4f47b8ce0b78f,MEUCItm0160g78yg,0xA1B2C3D4E5F6,SUCCESS,1.5,"HISTORICAL BACKTEST","Yahoo Finance;Technical Analysis;NSE India"
AV-202511-27-041,INFY.NS,"INFY",Stock,BULLISH,94,2025-11-27T09:30:00,RISK_ON,0x59591fea85cdf,MEUCIi3dcjwx3ai,0xA1B2C3D4E5F6,PENDING,,"HISTORICAL BACKTEST","Yahoo Finance;Technical Analysis;NSE India"
AV-202511-27-042,ICICIBANK.NS,"ICICIBANK",Stock,BULLISH,86,2025-11-27T09:30:00,NEUTRAL,0xac8a60df7a016,MEUCIao4utvyl7l4,0xA1B2C3D4E5F6,PARTIAL,-0.5,"HISTORICAL BACKTEST","Yahoo Finance;Technical Analysis;NSE India"
AV-202512-01-043,^NSEBANK,"Nifty NSEBANK",Index,BEARISH,83,2025-12-01T09:30:00,NEUTRAL,0x6ef07a56ab269,MEUCI5bf38zws6x,0xA1B2C3D4E5F6,SUCCESS,2.3,"HISTORICAL BACKTEST","Yahoo Finance;Technical Analysis;NSE India"
AV-202512-01-044,HDFCBANK.NS,"HDFCBANK",Stock,BEARISH,84,2025-12-01T09:30:00,RISK_OFF,0x377cd37280312,MEUCIc14df81brvc,0xA1B2C3D4E5F6,PENDING,,"HISTORICAL BACKTEST","Yahoo Finance;Technical Analysis;NSE India"
AV-202512-01-045,^NSEI,"Nifty NSEI",Index,BULLISH,77,2025-12-01T09:30:00,RISK_OFF,0x9d7ac425fe346,MEUCIflvb6cgiqg,0xA1B2C3D4E5F6,SUCCESS,2.9,"HISTORICAL BACKTEST","Yahoo Finance;Technical Analysis;NSE India"
AV-202512-01-046,RELIANCE.NS,"RELIANCE",Stock,BULLISH,83,2025-12-01T09:30:00,NEUTRAL,0xa881fd16d065b,MEUCI52ne7fxvkr,0xA1B2C3D4E5F6,PARTIAL,0.1,"HISTORICAL BACKTEST","Yahoo Finance;Technical Analysis;NSE India"
AV-202512-03-047,INFY.NS,"INFY",Stock,BULLISH,93,2025-12-03T09:30:00,NEUTRAL,0xed9e61a11c91b,MEUCItrf7ykuddps,0xA1B2C3D4E5F6,SUCCESS,0.4,"HISTORICAL BACKTEST","Yahoo Finance;Technical Analysis;NSE India"
AV-202512-03-048,HDFCBANK.NS,"HDFCBANK",Stock,BEARISH,71,2025-12-03T09:30:00,RISK_ON,0x6a790b221af97,MEUCI1aiuh0brls1,0xA1B2C3D4E5F6,PENDING,,"HISTORICAL BACKTEST","Yahoo Finance;Technical Analysis;NSE India"
AV-202512-03-049,INFY.NS,"INFY",Stock,BEARISH,74,2025-12-03T09:30:00,RISK_ON,0xf6a6b9eb8d2f7,MEUCIorbf93c5e5i,0xA1B2C3D4E5F6,PARTIAL,0.4,"HISTORICAL BACKTEST","Yahoo Finance;Technical Analysis;NSE India"
AV-202512-05-050,USDINR=X,"USDINR=X",Forex,BEARISH,79,2025-12-05T09:30:00,NEUTRAL,0xe672b55177adc,MEUCIjwjmw36wa4p,0xA1B2C3D4E5F6,FAILED,-0.2,"HISTORICAL BACKTEST","Yahoo Finance;Technical Analysis;NSE India"
AV-202512-05-051,USDINR=X,"USDINR=X",Forex,BEARISH,85,2025-12-05T09:30:00,RISK_OFF,0xf33e16ef2a68b,MEUCIbhfte4gjdov,0xA1B2C3D4E5F6,PENDING,,"HISTORICAL BACKTEST","Yahoo Finance;Technical Analysis;NSE India"
AV-202512-07-052,^NSEBANK,"Nifty NSEBANK",Index,BULLISH,94,2025-12-07T09:30:00,RISK_OFF,0x6c58c3dde4b54,MEUCItvuaugscxda,0xA1B2C3D4E5F6,FAILED,-2.8,"HISTORICAL BACKTEST","Yahoo Finance;Technical Analysis;NSE India"
AV-202512-07-053,HDFCBANK.NS,"HDFCBANK",Stock,BEARISH,86,2025-12-07T09:30:00,RISK_OFF,0x8f5f919db2f84,MEUCI7q6hd3g5ulq,0xA1B2C3D4E5F6,FAILED,-0.1,"HISTORICAL BACKTEST","Yahoo Finance;Technical Analysis;NSE India"
AV-202512-07-054,TCS.NS,"TCS",Stock,BEARISH,66,2025-12-07T09:30:00,RISK_ON,0xcbeb403041b62,MEUCIsw1hteyznhj,0xA1B2C3D4E5F6,PENDING,,"HISTORICAL BACKTEST","Yahoo Finance;Technical Analysis;NSE India"
AV-202512-09-055,INFY.NS,"INFY",Stock,BULLISH,86,2025-12-09T09:30:00,NEUTRAL,0x705f32dc73e4c,MEUCIef0iujj50cp,0xA1B2C3D4E5F6,PENDING,,"HISTORICAL BACKTEST","Yahoo Finance;Technical Analysis;NSE India"
AV-202512-09-056,RELIANCE.NS,"RELIANCE",Stock,BEARISH,93,2025-12-09T09:30:00,RISK_ON,0x657a7d21f57e5,MEUCIw9ctcfjuqmh,0xA1B2C3D4E5F6,PENDING,,"HISTORICAL BACKTEST","Yahoo Finance;Technical Analysis;NSE India"
AV-202512-11-057,RELIANCE.NS,"RELIANCE",Stock,BEARISH,66,2025-12-11T09:30:00,NEUTRAL,0xcafe499b92cce,MEUCIgaksj9rxzjg,0xA1B2C3D4E5F6,SUCCESS,0.9,"HISTORICAL BACKTEST","Yahoo Finance;Technical Analysis;NSE India"
AV-202512-11-058,^NSEBANK,"Nifty NSEBANK",Index,BULLISH,82,2025-12-11T09:30:00,RISK_ON,0xa570191908a8b,MEUCIpc6s8l0ud5h,0xA1B2C3D4E5F6,FAILED,-0.8,"HISTORICAL BACKTEST","Yahoo Finance;Technical Analysis;NSE India"
AV-202512-11-059,INFY.NS,"INFY",Stock,BEARISH,90,2025-12-11T09:30:00,NEUTRAL,0x46209588e2f8c,MEUCI15y4p1e5vdj,0xA1B2C3D4E5F6,SUCCESS,3.3,"HISTORICAL BACKTEST","Yahoo Finance;Technical Analysis;NSE India"
AV-202512-13-060,ICICIBANK.NS,"ICICIBANK",Stock,BEARISH,73,2025-12-13T09:30:00,NEUTRAL,0x58171c9d70a27,MEUCItf31cwu7yj,0xA1B2C3D4E5F6,PENDING,,"HISTORICAL BACKTEST","Yahoo Finance;Technical Analysis;NSE India"
AV-202512-13-061,USDINR=X,"USDINR=X",Forex,BULLISH,74,2025-12-13T09:30:00,NEUTRAL,0x693a58f6af47a,MEUCImakm9s0yajb,0xA1B2C3D4E5F6,FAILED,-1,"HISTORICAL BACKTEST","Yahoo Finance;Technical Analysis;NSE India"
AV-202512-13-062,TCS.NS,"TCS",Stock,BULLISH,91,2025-12-13T09:30:00,RISK_OFF,0x5c96ef1f57fc7,MEUCIw0574vgghp,0xA1B2C3D4E5F6,FAILED,-2.1,"HISTORICAL BACKTEST","Yahoo Finance;Technical Analysis;NSE India"
AV-202512-15-063,RELIANCE.NS,"RELIANCE",Stock,BULLISH,82,2025-12-15T09:30:00,RISK_OFF,0x4b7553b84b812,MEUCIl3zox22oylo,0xA1B2C3D4E5F6,FAILED,-2.4,"HISTORICAL BACKTEST","Yahoo Finance;Technical Analysis;NSE India"
AV-202512-15-064,INFY.NS,"INFY",Stock,BULLISH,65,2025-12-15T09:30:00,NEUTRAL,0x124c19eb5ad2b,MEUCImj51emo44ma,0xA1B2C3D4E5F6,SUCCESS,0,"HISTORICAL BACKTEST","Yahoo Finance;Technical Analysis;NSE India"
AV-202512-15-065,TCS.NS,"TCS",Stock,BEARISH,88,2025-12-15T09:30:00,RISK_OFF,0xbd9ffcaa3e489,MEUCIvdxxg64ye6g,0xA1B2C3D4E5F6,FAILED,-1.5,"HISTORICAL BACKTEST","Yahoo Finance;Technical Analysis;NSE India"
AV-202512-17-066,^NSEI,"Nifty NSEI",Index,BEARISH,77,2025-12-17T09:30:00,NEUTRAL,0x33f68070d87bb,MEUCI8nzr7u5tya8,0xA1B2C3D4E5F6,PENDING,,"HISTORICAL BACKTEST","Yahoo Finance;Technical Analysis;NSE India"
AV-202512-17-067,ICICIBANK.NS,"ICICIBANK",Stock,BEARISH,89,2025-12-17T09:30:00,NEUTRAL,0xb2430dc26adf4,MEUCIbaa1n1ni6pq,0xA1B2C3D4E5F6,FAILED,-0.7,"HISTORICAL BACKTEST","Yahoo Finance;Technical Analysis;NSE India"
AV-202512-17-068,RELIANCE.NS,"RELIANCE",Stock,BULLISH,91,2025-12-17T09:30:00,RISK_ON,0x02a6494830a98,MEUCIhh1ya7lvinl,0xA1B2C3D4E5F6,SUCCESS,3.1,"HISTORICAL BACKTEST","Yahoo Finance;Technical Analysis;NSE India"
AV-202512-17-069,ICICIBANK.NS,"ICICIBANK",Stock,BEARISH,89,2025-12-17T09:30:00,NEUTRAL,0x0241a00fa367d,MEUCIekcrp59hho6,0xA1B2C3D4E5F6,FAILED,-0.9,"HISTORICAL BACKTEST","Yahoo Finance;Technical Analysis;NSE India"
AV-202512-19-070,RELIANCE.NS,"RELIANCE",Stock,BEARISH,75,2025-12-19T09:30:00,NEUTRAL,0x07f9436a856d9,MEUCI113k94tfzas,0xA1B2C3D4E5F6,PARTIAL,-0.7,"HISTORICAL BACKTEST","Yahoo Finance;Technical Analysis;NSE India"
AV-202512-19-071,RELIANCE.NS,"RELIANCE",Stock,BULLISH,68,2025-12-19T09:30:00,RISK_OFF,0x99d1bfb5d2a24,MEUCI995hzg1y89,0xA1B2C3D4E5F6,PENDING,,"HISTORICAL BACKTEST","Yahoo Finance;Technical Analysis;NSE India"
AV-202512-21-072,^NSEBANK,"Nifty NSEBANK",Index,BULLISH,91,2025-12-21T09:30:00,NEUTRAL,0x0b7d8b34707f,MEUCIvflqxq6w947,0xA1B2C3D4E5F6,PENDING,,"HISTORICAL BACKTEST","Yahoo Finance;Technical Analysis;NSE India"
AV-202512-21-073,TCS.NS,"TCS",Stock,BULLISH,67,2025-12-21T09:30:00,RISK_ON,0xa3c21391ae442,MEUCIi5flky4y29f,0xA1B2C3D4E5F6,FAILED,-0.2,"HISTORICAL BACKTEST","Yahoo Finance;Technical Analysis;NSE India"
AV-202512-21-074,^NSEBANK,"Nifty NSEBANK",Index,BULLISH,89,2025-12-21T09:30:00,RISK_ON,0x61751d722b797,MEUCIk1qtee7dfo,0xA1B2C3D4E5F6,PENDING,,"HISTORICAL BACKTEST","Yahoo Finance;Technical Analysis;NSE India"
AV-202512-23-075,TCS.NS,"TCS",Stock,BEARISH,82,2025-12-23T09:30:00,NEUTRAL,0x26af8029bb252,MEUCIb5dor67amhs,0xA1B2C3D4E5F6,FAILED,-1,"HISTORICAL BACKTEST","Yahoo Finance;Technical Analysis;NSE India"
AV-202512-23-076,TCS.NS,"TCS",Stock,BEARISH,75,2025-12-23T09:30:00,RISK_ON,0x2235a1b03d4fa,MEUCIentzw87cdqk,0xA1B2C3D4E5F6,SUCCESS,4.7,"HISTORICAL BACKTEST","Yahoo Finance;Technical Analysis;NSE India"
AV-202512-23-077,RELIANCE.NS,"RELIANCE",Stock,BEARISH,93,2025-12-23T09:30:00,RISK_ON,0x35a5d3c17962,MEUCIriqsm4y4e8f,0xA1B2C3D4E5F6,PENDING,,"HISTORICAL BACKTEST","Yahoo Finance;Technical Analysis;NSE India"
AV-202512-25-078,RELIANCE.NS,"RELIANCE",Stock,BEARISH,82,2025-12-25T09:30:00,RISK_ON,0x07382d49bc1d9,MEUCIdt0llr8cdhs,0xA1B2C3D4E5F6,PENDING,,"HISTORICAL BACKTEST","Yahoo Finance;Technical Analysis;NSE India"
AV-202512-25-079,USDINR=X,"USDINR=X",Forex,BEARISH,89,2025-12-25T09:30:00,NEUTRAL,0x4913b623a603d,MEUCI23bajfxv9us,0xA1B2C3D4E5F6,FAILED,-0.1,"HISTORICAL BACKTEST","Yahoo Finance;Technical Analysis;NSE India"
AV-202512-25-080,TCS.NS,"TCS",Stock,BULLISH,73,2025-12-25T09:30:00,RISK_OFF,0xf7f9921d1c985,MEUCIve05ou96wuf,0xA1B2C3D4E5F6,SUCCESS,4.5,"HISTORICAL BACKTEST","Yahoo Finance;Technical Analysis;NSE India"
AV-202512-25-081,^NSEBANK,"Nifty NSEBANK",Index,BEARISH,72,2025-12-25T09:30:00,RISK_OFF,0x646b9a00349fb,MEUCIlziwfi5i9lo,0xA1B2C3D4E5F6,PARTIAL,0.7,"HISTORICAL BACKTEST","Yahoo Finance;Technical Analysis;NSE India"
AV-202512-27-082,RELIANCE.NS,"RELIANCE",Stock,BULLISH,93,2025-12-27T09:30:00,NEUTRAL,0xb00d5c8e2862a,MEUCIq122okt9zn,0xA1B2C3D4E5F6,SUCCESS,3.8,"HISTORICAL BACKTEST","Yahoo Finance;Technical Analysis;NSE India"
AV-202512-27-083,HDFCBANK.NS,"HDFCBANK",Stock,BULLISH,69,2025-12-27T09:30:00,NEUTRAL,0x4ba6800bf7d3f,MEUCIcsnct20gcev,0xA1B2C3D4E5F6,SUCCESS,1.3,"HISTORICAL BACKTEST","Yahoo Finance;Technical Analysis;NSE India"
AV-202512-27-084,TCS.NS,"TCS",Stock,BULLISH,76,2025-12-27T09:30:00,RISK_ON,0x43e6ecb9fbf31,MEUCIaekhxb4lbik,0xA1B2C3D4E5F6,SUCCESS,0,"HISTORICAL BACKTEST","Yahoo Finance;Technical Analysis;NSE India"
AV-202512-27-085,^NSEBANK,"Nifty NSEBANK",Index,BEARISH,67,2025-12-27T09:30:00,RISK_ON,0x1d45ba50734c7,MEUCIygwhl1pk16r,0xA1B2C3D4E5F6,FAILED,-1.4,"HISTORICAL BACKTEST","Yahoo Finance;Technical Analysis;NSE India"
AV-202601-01-086,^NSEBANK,"Nifty NSEBANK",Index,BULLISH,72,2026-01-01T09:30:00,NEUTRAL,0x647212e3a3366,MEUCI7bib4bc2oiy,0xA1B2C3D4E5F6,PENDING,,"HISTORICAL BACKTEST","Yahoo Finance;Technical Analysis;NSE India"
AV-202601-01-087,ICICIBANK.NS,"ICICIBANK",Stock,BULLISH,80,2026-01-01T09:30:00,RISK_OFF,0x66ead65212f82,MEUCIemvofgpxfr,0xA1B2C3D4E5F6,SUCCESS,1.6,"HISTORICAL BACKTEST","Yahoo Finance;Technical Analysis;NSE India"
AV-202601-01-088,HDFCBANK.NS,"HDFCBANK",Stock,BULLISH,93,2026-01-01T09:30:00,RISK_ON,0xbe45e89bfc951,MEUCIbznpl9c83r4,0xA1B2C3D4E5F6,FAILED,-2.9,"HISTORICAL BACKTEST","Yahoo Finance;Technical Analysis;NSE India"
AV-202601-01-089,^NSEI,"Nifty NSEI",Index,BULLISH,83,2026-01-01T09:30:00,RISK_OFF,0x157f84e3938ec,MEUCIiuldwilao7,0xA1B2C3D4E5F6,SUCCESS,2.4,"HISTORICAL BACKTEST","Yahoo Finance;Technical Analysis;NSE India"
AV-202601-03-090,^NSEBANK,"Nifty NSEBANK",Index,BULLISH,82,2026-01-03T09:30:00,RISK_OFF,0x08c661effb4b1,MEUCI40ets42yehf,0xA1B2C3D4E5F6,PARTIAL,-0.2,"HISTORICAL BACKTEST","Yahoo Finance;Technical Analysis;NSE India"
AV-202601-03-091,^NSEBANK,"Nifty NSEBANK",Index,BULLISH,72,2026-01-03T09:30:00,NEUTRAL,0x348fa02dc7548,MEUCIa5iao84u4r,0xA1B2C3D4E5F6,PARTIAL,0,"HISTORICAL BACKTEST","Yahoo Finance;Technical Analysis;NSE India"
AV-202601-03-092,RELIANCE.NS,"RELIANCE",Stock,BEARISH,79,2026-01-03T09:30:00,RISK_ON,0x2a82aee7a7a04,MEUCIimtgqhpq5g,0xA1B2C3D4E5F6,SUCCESS,1.4,"HISTORICAL BACKTEST","Yahoo Finance;Technical Analysis;NSE India"
AV-202601-05-093,TCS.NS,"TCS",Stock,BEARISH,82,2026-01-05T09:30:00,RISK_ON,0x80719eef34035,MEUCIz0jgvwyuoq,0xA1B2C3D4E5F6,PENDING,,"HISTORICAL BACKTEST","Yahoo Finance;Technical Analysis;NSE India"
AV-202601-05-094,HDFCBANK.NS,"HDFCBANK",Stock,BULLISH,69,2026-01-05T09:30:00,RISK_OFF,0xb561c87802361,MEUCIxwuegjun0l,0xA1B2C3D4E5F6,PENDING,,"HISTORICAL BACKTEST","Yahoo Finance;Technical Analysis;NSE India"
AV-202601-05-095,HDFCBANK.NS,"HDFCBANK",Stock,BULLISH,80,2026-01-05T09:30:00,RISK_OFF,0x466f9a62ae15a,MEUCItlaevap280h,0xA1B2C3D4E5F6,FAILED,-0.2,"HISTORICAL BACKTEST","Yahoo Finance;Technical Analysis;NSE India"
AV-202601-07-096,^NSEBANK,"Nifty NSEBANK",Index,BULLISH,78,2026-01-07T09:30:00,RISK_OFF,0x8671dc0b85931,MEUCIk7ipsvm0609,0xA1B2C3D4E5F6,FAILED,-2.6,"HISTORICAL BACKTEST","Yahoo Finance;Technical Analysis;NSE India"
AV-202601-07-097,ICICIBANK.NS,"ICICIBANK",Stock,BEARISH,84,2026-01-07T09:30:00,NEUTRAL,0xe2a9a766b3c23,MEUCI0pahldhleap,0xA1B2C3D4E5F6,PARTIAL,1,"HISTORICAL BACKTEST","Yahoo Finance;Technical Analysis;NSE India"
AV-202601-07-098,RELIANCE.NS,"RELIANCE",Stock,BULLISH,89,2026-01-07T09:30:00,RISK_ON,0x16d78522e0f99,MEUCIbozo31kuu8d,0xA1B2C3D4E5F6,FAILED,-2.4,"HISTORICAL BACKTEST","Yahoo Finance;Technical Analysis;NSE India"
AV-202601-09-099,TCS.NS,"TCS",Stock,BEARISH,73,2026-01-09T09:30:00,RISK_ON,0xd9d31a3d45e8,MEUCIxbpyll1ijh,0xA1B2C3D4E5F6,FAILED,-1.9,"HISTORICAL BACKTEST","Yahoo Finance;Technical Analysis;NSE India"
AV-202601-09-100,^NSEBANK,"Nifty NSEBANK",Index,BEARISH,92,2026-01-09T09:30:00,NEUTRAL,0x6adc0a302d547,MEUCIv1vc75tgu0r,0xA1B2C3D4E5F6,SUCCESS,1.7,"HISTORICAL BACKTEST","Yahoo Finance;Technical Analysis;NSE India"
AV-202601-09-101,INFY.NS,"INFY",Stock,BEARISH,94,2026-01-09T09:30:00,RISK_OFF,0xa681c40342caf,MEUCIzbrixamsy2m,0xA1B2C3D4E5F6,SUCCESS,3.1,"HISTORICAL BACKTEST","Yahoo Finance;Technical Analysis;NSE India"
AV-202601-09-102,TCS.NS,"TCS",Stock,BEARISH,88,2026-01-09T09:30:00,RISK_ON,0xd96ab0181a855,MEUCI1f4fxrtkjzl,0xA1B2C3D4E5F6,SUCCESS,4.4,"HISTORICAL BACKTEST","Yahoo Finance;Technical Analysis;NSE India"
AV-202601-11-103,^NSEBANK,"Nifty NSEBANK",Index,BULLISH,94,2026-01-11T09:30:00,NEUTRAL,0xca79066166164,MEUCI1wf11nn351z,0xA1B2C3D4E5F6,SUCCESS,4.8,"HISTORICAL BACKTEST","Yahoo Finance;Technical Analysis;NSE India"
AV-202601-11-104,ICICIBANK.NS,"ICICIBANK",Stock,BULLISH,66,2026-01-11T09:30:00,RISK_OFF,0xb0c3dc4ae5f16,MEUCItxqs2lta9hg,0xA1B2C3D4E5F6,PENDING,,"HISTORICAL BACKTEST","Yahoo Finance;Technical Analysis;NSE India"
AV-202601-13-105,^NSEBANK,"Nifty NSEBANK",Index,BULLISH,80,2026-01-13T09:30:00,NEUTRAL,0x9edf8853939df,MEUCIttscggn1j79,0xA1B2C3D4E5F6,PARTIAL,-0.9,"HISTORICAL BACKTEST","Yahoo Finance;Technical Analysis;NSE India"
AV-202601-13-106,^NSEBANK,"Nifty NSEBANK",Index,BEARISH,78,2026-01-13T09:30:00,RISK_ON,0x5ccedf3d939c,MEUCI2u59y13nbb9,0xA1B2C3D4E5F6,PARTIAL,-0.2,"HISTORICAL BACKTEST","Yahoo Finance;Technical Analysis;NSE India"
AV-202601-13-107,^NSEBANK,"Nifty NSEBANK",Index,BEARISH,65,2026-01-13T09:30:00,NEUTRAL,0x859dbcff87247,MEUCIme0prswnr,0xA1B2C3D4E5F6,SUCCESS,4.6,"HISTORICAL BACKTEST","Yahoo Finance;Technical Analysis;NSE India"
AV-202601-15-108,ICICIBANK.NS,"ICICIBANK",Stock,BULLISH,79,2026-01-15T09:30:00,RISK_OFF,0xb29812072ed66,MEUCIlow0mqv9ehs,0xA1B2C3D4E5F6,PENDING,,"HISTORICAL BACKTEST","Yahoo Finance;Technical Analysis;NSE India"
AV-202601-15-109,HDFCBANK.NS,"HDFCBANK",Stock,BULLISH,76,2026-01-15T09:30:00,RISK_ON,0x3f03abd5b0c1,MEUCIr9k67vgzofa,0xA1B2C3D4E5F6,PENDING,,"HISTORICAL BACKTEST","Yahoo Finance;Technical Analysis;NSE India"
AV-202601-17-110,TCS.NS,"TCS",Stock,BULLISH,92,2026-01-17T09:30:00,RISK_ON,0xa18c42d5ae635,MEUCIm0vtiiw8pxg,0xA1B2C3D4E5F6,FAILED,-1.8,"HISTORICAL BACKTEST","Yahoo Finance;Technical Analysis;NSE India"
AV-202601-17-111,ICICIBANK.NS,"ICICIBANK",Stock,BULLISH,92,2026-01-17T09:30:00,RISK_ON,0xc93cbc903068f,MEUCInnfaooso52q,0xA1B2C3D4E5F6,FAILED,-2.4,"HISTORICAL BACKTEST","Yahoo Finance;Technical Analysis;NSE India"
AV-202601-19-112,HDFCBANK.NS,"HDFCBANK",Stock,BEARISH,92,2026-01-19T09:30:00,NEUTRAL,0x23f46fce67661,MEUCIqiwmnh2z95b,0xA1B2C3D4E5F6,FAILED,-2,"HISTORICAL BACKTEST","Yahoo Finance;Technical Analysis;NSE India"
AV-202601-19-113,ICICIBANK.NS,"ICICIBANK",Stock,BEARISH,90,2026-01-19T09:30:00,NEUTRAL,0xe5e5750a12452,MEUCI2ve9pjdvgps,0xA1B2C3D4E5F6,FAILED,-0.5,"HISTORICAL BACKTEST","Yahoo Finance;Technical Analysis;NSE India"
AV-202601-19-114,USDINR=X,"USDINR=X",Forex,BEARISH,67,2026-01-19T09:30:00,RISK_OFF,0xcae40154645ed,MEUCIr7nfkp6w0z,0xA1B2C3D4E5F6,PENDING,,"HISTORICAL BACKTEST","Yahoo Finance;Technical Analysis;NSE India"
AV-202601-19-115,^NSEI,"Nifty NSEI",Index,BEARISH,78,2026-01-19T09:30:00,RISK_OFF,0x3b39292462486,MEUCIomrlgi03i4,0xA1B2C3D4E5F6,SUCCESS,3.4,"HISTORICAL BACKTEST","Yahoo Finance;Technical Analysis;NSE India"
AV-202601-21-116,^NSEI,"Nifty NSEI",Index,BULLISH,71,2026-01-21T09:30:00,NEUTRAL,0xd5947e5e2f7d9,MEUCI2mpz24dm002,0xA1B2C3D4E5F6,SUCCESS,3.9,"HISTORICAL BACKTEST","Yahoo Finance;Technical Analysis;NSE India"
AV-202601-21-117,HDFCBANK.NS,"HDFCBANK",Stock,BEARISH,90,2026-01-21T09:30:00,RISK_ON,0xd94e5ee1592f7,MEUCI9d5yysiv4ff,0xA1B2C3D4E5F6,PARTIAL,-1,"HISTORICAL BACKTEST","Yahoo Finance;Technical Analysis;NSE India"
AV-202601-23-118,USDINR=X,"USDINR=X",Forex,BEARISH,86,2026-01-23T09:30:00,NEUTRAL,0x1c4bc4706bca7,MEUCId483bpeo9qf,0xA1B2C3D4E5F6,SUCCESS,0.2,"HISTORICAL BACKTEST","Yahoo Finance;Technical Analysis;NSE India"
AV-202601-23-119,^NSEI,"Nifty NSEI",Index,BULLISH,91,2026-01-23T09:30:00,RISK_OFF,0x3e081957323b6,MEUCIxfxcez3it7,0xA1B2C3D4E5F6,FAILED,-2.4,"HISTORICAL BACKTEST","Yahoo Finance;Technical Analysis;NSE India"
AV-202601-23-120,ICICIBANK.NS,"ICICIBANK",Stock,BEARISH,76,2026-01-23T09:30:00,RISK_OFF,0x9f8e1944c950e,MEUCIme8h0eziax,0xA1B2C3D4E5F6,PARTIAL,0.1,"HISTORICAL BACKTEST","Yahoo Finance;Technical Analysis;NSE India"
AV-202601-25-121,ICICIBANK.NS,"ICICIBANK",Stock,BULLISH,83,2026-01-25T09:30:00,RISK_OFF,0xe74bacc5d2a62,MEUCI4cijt93yroa,0xA1B2C3D4E5F6,PENDING,,"HISTORICAL BACKTEST","Yahoo Finance;Technical Analysis;NSE India"
AV-202601-25-122,ICICIBANK.NS,"ICICIBANK",Stock,BULLISH,85,2026-01-25T09:30:00,RISK_OFF,0x1473683bd4b6c,MEUCItwxoqaongg,0xA1B2C3D4E5F6,FAILED,-1.4,"HISTORICAL BACKTEST","Yahoo Finance;Technical Analysis;NSE India"
AV-202601-27-123,USDINR=X,"USDINR=X",Forex,BEARISH,88,2026-01-27T09:30:00,RISK_ON,0xb7ab50b0ca437,MEUCIuzus6x7zrd,0xA1B2C3D4E5F6,PENDING,,"HISTORICAL BACKTEST","Yahoo Finance;Technical Analysis;NSE India"
AV-202601-27-124,^NSEI,"Nifty NSEI",Index,BEARISH,88,2026-01-27T09:30:00,RISK_ON,0xc3eb54f472b81,MEUCI8difkb4bqyb,0xA1B2C3D4E5F6,FAILED,-2.5,"HISTORICAL BACKTEST","Yahoo Finance;Technical Analysis;NSE India"
AV-202601-27-125,USDINR=X,"USDINR=X",Forex,BULLISH,78,2026-01-27T09:30:00,RISK_OFF,0x6d0c25d505f7e,MEUCI1936hssxp4h,0xA1B2C3D4E5F6,SUCCESS,2.9,"HISTORICAL BACKTEST","Yahoo Finance;Technical Analysis;NSE India"
AV-202601-27-126,^NSEBANK,"Nifty NSEBANK",Index,BULLISH,80,2026-01-27T09:30:00,RISK_OFF,0x81e3b8d2d3f6d,MEUCIb2dbupj6mpc,0xA1B2C3D4E5F6,PARTIAL,-0.1,"HISTORICAL BACKTEST","Yahoo Finance;Technical Analysis;NSE India"
AV-202602-01-127,INFY.NS,"INFY",Stock,BEARISH,85,2026-02-01T09:30:00,RISK_ON,0xfa60390c48518,MEUCI08rujghc8iv8,0xA1B2C3D4E5F6,SUCCESS,1.6,"HISTORICAL BACKTEST","Yahoo Finance;Technical Analysis;NSE India"
AV-202602-01-128,TCS.NS,"TCS",Stock,BULLISH,65,2026-02-01T09:30:00,RISK_ON,0xe32e25f74cafb,MEUCIzd4kehxm0se,0xA1B2C3D4E5F6,SUCCESS,1.1,"HISTORICAL BACKTEST","Yahoo Finance;Technical Analysis;NSE India"
AV-202602-01-129,^NSEI,"Nifty NSEI",Index,BULLISH,90,2026-02-01T09:30:00,NEUTRAL,0xdc32a2c940bd8,MEUCIfojshipfkua,0xA1B2C3D4E5F6,FAILED,-2.7,"HISTORICAL BACKTEST","Yahoo Finance;Technical Analysis;NSE India"
AV-202602-03-130,HDFCBANK.NS,"HDFCBANK",Stock,BULLISH,67,2026-02-03T09:30:00,RISK_OFF,0x299a137fb4c0b,MEUCIqdcgzl4faeg,0xA1B2C3D4E5F6,PARTIAL,-0.9,"HISTORICAL BACKTEST","Yahoo Finance;Technical Analysis;NSE India"
AV-202602-03-131,HDFCBANK.NS,"HDFCBANK",Stock,BEARISH,68,2026-02-03T09:30:00,RISK_ON,0x6607172ccbabc,MEUCIxv5qtzrv1i,0xA1B2C3D4E5F6,PARTIAL,-0.3,"HISTORICAL BACKTEST","Yahoo Finance;Technical Analysis;NSE India"
AV-202602-05-132,ICICIBANK.NS,"ICICIBANK",Stock,BULLISH,89,2026-02-05T09:30:00,NEUTRAL,0x1ca8729e1b1af,MEUCIib2nuljjt9f,0xA1B2C3D4E5F6,PARTIAL,0.6,"HISTORICAL BACKTEST","Yahoo Finance;Technical Analysis;NSE India"
AV-202602-05-133,ICICIBANK.NS,"ICICIBANK",Stock,BEARISH,81,2026-02-05T09:30:00,RISK_ON,0xe1281c3aea00d,MEUCI6qrsqy8f3ic,0xA1B2C3D4E5F6,FAILED,-1.9,"HISTORICAL BACKTEST","Yahoo Finance;Technical Analysis;NSE India"
AV-202602-07-134,^NSEBANK,"Nifty NSEBANK",Index,BEARISH,77,2026-02-07T09:30:00,NEUTRAL,0xf48515fb29259,MEUCI1k9r4gi1hn1,0xA1B2C3D4E5F6,PARTIAL,0.3,"HISTORICAL BACKTEST","Yahoo Finance;Technical Analysis;NSE India"
AV-202602-07-135,^NSEBANK,"Nifty NSEBANK",Index,BEARISH,75,2026-02-07T09:30:00,RISK_OFF,0xbbc1b9d53e4b8,MEUCI5o87uzl2hgn,0xA1B2C3D4E5F6,FAILED,-0.7,"HISTORICAL BACKTEST","Yahoo Finance;Technical Analysis;NSE India"
AV-202602-09-136,TCS.NS,"TCS",Stock,BULLISH,66,2026-02-09T09:30:00,NEUTRAL,0x8f374e142f779,MEUCIo5noiwjmfp,0xA1B2C3D4E5F6,SUCCESS,3.7,"HISTORICAL BACKTEST","Yahoo Finance;Technical Analysis;NSE India"
AV-202602-09-137,RELIANCE.NS,"RELIANCE",Stock,BEARISH,79,2026-02-09T09:30:00,RISK_ON,0xf3c4ed7a38cce,MEUCIlafwrhjpi5d,0xA1B2C3D4E5F6,SUCCESS,1.5,"HISTORICAL BACKTEST","Yahoo Finance;Technical Analysis;NSE India"
AV-202602-09-138,ICICIBANK.NS,"ICICIBANK",Stock,BEARISH,67,2026-02-09T09:30:00,RISK_OFF,0xdf3e712810d4e,MEUCI1rxrztoy8tk,0xA1B2C3D4E5F6,SUCCESS,2.5,"HISTORICAL BACKTEST","Yahoo Finance;Technical Analysis;NSE India"
AV-202602-09-139,USDINR=X,"USDINR=X",Forex,BULLISH,88,2026-02-09T09:30:00,RISK_ON,0x579656f699fe5,MEUCI6vedbo6tonf,0xA1B2C3D4E5F6,SUCCESS,0.6,"HISTORICAL BACKTEST","Yahoo Finance;Technical Analysis;NSE India"
AV-202602-11-140,ICICIBANK.NS,"ICICIBANK",Stock,BEARISH,68,2026-02-11T09:30:00,NEUTRAL,0x5026b6a4b2566,MEUCI1h6udf6rwc7,0xA1B2C3D4E5F6,FAILED,-0.8,"HISTORICAL BACKTEST","Yahoo Finance;Technical Analysis;NSE India"
AV-202602-11-141,USDINR=X,"USDINR=X",Forex,BEARISH,82,2026-02-11T09:30:00,RISK_ON,0x2b80d7d259b9d,MEUCIoapfh6s7pth,0xA1B2C3D4E5F6,PENDING,,"HISTORICAL BACKTEST","Yahoo Finance;Technical Analysis;NSE India"
AV-202602-11-142,USDINR=X,"USDINR=X",Forex,BEARISH,69,2026-02-11T09:30:00,RISK_OFF,0xa2247a54afdc9,MEUCI7b39mo0xiff,0xA1B2C3D4E5F6,PENDING,,"HISTORICAL BACKTEST","Yahoo Finance;Technical Analysis;NSE India"
AV-202602-11-143,ICICIBANK.NS,"ICICIBANK",Stock,BEARISH,70,2026-02-11T09:30:00,NEUTRAL,0x254c2f7c9859c,MEUCI114nvshse1ia,0xA1B2C3D4E5F6,PARTIAL,-0.6,"HISTORICAL BACKTEST","Yahoo Finance;Technical Analysis;NSE India"
AV-202602-13-144,RELIANCE.NS,"RELIANCE",Stock,BEARISH,66,2026-02-13T09:30:00,RISK_ON,0x7e7f34798c33c,MEUCI7dixk8q9k0x,0xA1B2C3D4E5F6,SUCCESS,2,"HISTORICAL BACKTEST","Yahoo Finance;Technical Analysis;NSE India"
AV-202602-13-145,INFY.NS,"INFY",Stock,BEARISH,70,2026-02-13T09:30:00,RISK_OFF,0x7f824e331cea6,MEUCIiuc2pfer7cb,0xA1B2C3D4E5F6,FAILED,-0.5,"HISTORICAL BACKTEST","Yahoo Finance;Technical Analysis;NSE India"
AV-202602-15-146,RELIANCE.NS,"RELIANCE",Stock,BULLISH,77,2026-02-15T09:30:00,NEUTRAL,0x5440d0def349f,MEUCIjbham7el9gk,0xA1B2C3D4E5F6,PENDING,,"HISTORICAL BACKTEST","Yahoo Finance;Technical Analysis;NSE India"
AV-202602-15-147,^NSEI,"Nifty NSEI",Index,BULLISH,67,2026-02-15T09:30:00,NEUTRAL,0x779952b6d27fe,MEUCIu7lw93scg,0xA1B2C3D4E5F6,PENDING,,"HISTORICAL BACKTEST","Yahoo Finance;Technical Analysis;NSE India"
AV-202602-15-148,RELIANCE.NS,"RELIANCE",Stock,BEARISH,85,2026-02-15T09:30:00,RISK_OFF,0x8e5bcb1f331c9,MEUCI112a60dya2iq,0xA1B2C3D4E5F6,FAILED,-1.4,"HISTORICAL BACKTEST","Yahoo Finance;Technical Analysis;NSE India"
AV-202602-15-149,^NSEI,"Nifty NSEI",Index,BULLISH,80,2026-02-15T09:30:00,RISK_OFF,0x2f8a86ddfc4ac,MEUCIuqx8v4hz8o,0xA1B2C3D4E5F6,PENDING,,"HISTORICAL BACKTEST","Yahoo Finance;Technical Analysis;NSE India"
AV-202602-17-150,^NSEI,"Nifty NSEI",Index,BEARISH,66,2026-02-17T09:30:00,RISK_ON,0x4a7ab87335fe2,MEUCIlp7ofvsbu9f,0xA1B2C3D4E5F6,SUCCESS,1.4,"HISTORICAL BACKTEST","Yahoo Finance;Technical Analysis;NSE India"
AV-202602-17-151,ICICIBANK.NS,"ICICIBANK",Stock,BULLISH,76,2026-02-17T09:30:00,NEUTRAL,0xf4d8017d4d08f,MEUCIx3lyf7bn9p,0xA1B2C3D4E5F6,FAILED,-0.2,"HISTORICAL BACKTEST","Yahoo Finance;Technical Analysis;NSE India"
AV-202602-19-152,INFY.NS,"INFY",Stock,BEARISH,74,2026-02-19T09:30:00,RISK_ON,0xb294f4388a9b3,MEUCIypqtbm6u4tn,0xA1B2C3D4E5F6,PENDING,,"HISTORICAL BACKTEST","Yahoo Finance;Technical Analysis;NSE India"
AV-202602-19-153,HDFCBANK.NS,"HDFCBANK",Stock,BULLISH,91,2026-02-19T09:30:00,RISK_ON,0x2ff6e67f4c12e,MEUCIuyx7fa8az,0xA1B2C3D4E5F6,FAILED,-1.5,"HISTORICAL BACKTEST","Yahoo Finance;Technical Analysis;NSE India"
AV-202602-19-154,^NSEBANK,"Nifty NSEBANK",Index,BEARISH,92,2026-02-19T09:30:00,RISK_OFF,0x34f5ed99c855,MEUCIsdy14csbz58,0xA1B2C3D4E5F6,PARTIAL,-0.1,"HISTORICAL BACKTEST","Yahoo Finance;Technical Analysis;NSE India"
AV-202602-19-155,^NSEBANK,"Nifty NSEBANK",Index,BULLISH,87,2026-02-19T09:30:00,RISK_ON,0xb63cd779350e4,MEUCIht9k9g2q63n,0xA1B2C3D4E5F6,FAILED,-0.9,"HISTORICAL BACKTEST","Yahoo Finance;Technical Analysis;NSE India"
AV-202602-21-156,^NSEI,"Nifty NSEI",Index,BEARISH,75,2026-02-21T09:30:00,RISK_OFF,0x030c8ebf4b556,MEUCIt02wennatg,0xA1B2C3D4E5F6,PENDING,,"HISTORICAL BACKTEST","Yahoo Finance;Technical Analysis;NSE India"
AV-202602-21-157,^NSEI,"Nifty NSEI",Index,BULLISH,69,2026-02-21T09:30:00,RISK_OFF,0x8d8a646de750a,MEUCIik7cwibumnp,0xA1B2C3D4E5F6,PENDING,,"HISTORICAL BACKTEST","Yahoo Finance;Technical Analysis;NSE India"
AV-202602-23-158,^NSEBANK,"Nifty NSEBANK",Index,BEARISH,84,2026-02-23T09:30:00,RISK_ON,0x0d8f6756541dc,MEUCIvplmxqznn6,0xA1B2C3D4E5F6,FAILED,-2.4,"HISTORICAL BACKTEST","Yahoo Finance;Technical Analysis;NSE India"
AV-202602-23-159,^NSEI,"Nifty NSEI",Index,BEARISH,69,2026-02-23T09:30:00,RISK_OFF,0xd7c071410ab0c,MEUCI01fv38m3aivy,0xA1B2C3D4E5F6,FAILED,-0.7,"HISTORICAL BACKTEST","Yahoo Finance;Technical Analysis;NSE India"
AV-202602-25-160,ICICIBANK.NS,"ICICIBANK",Stock,BEARISH,87,2026-02-25T09:30:00,RISK_OFF,0xc6fd81f761e27,MEUCI0vos6untyev9,0xA1B2C3D4E5F6,PARTIAL,0.2,"HISTORICAL BACKTEST","Yahoo Finance;Technical Analysis;NSE India"
AV-202602-25-161,TCS.NS,"TCS",Stock,BULLISH,89,2026-02-25T09:30:00,NEUTRAL,0x890f3f281430b,MEUCIh9gl8ajahcd,0xA1B2C3D4E5F6,PENDING,,"HISTORICAL BACKTEST","Yahoo Finance;Technical Analysis;NSE India"
AV-202602-25-162,USDINR=X,"USDINR=X",Forex,BEARISH,93,2026-02-25T09:30:00,NEUTRAL,0xf95b67ad34d6a,MEUCIdj13hpuo73q,0xA1B2C3D4E5F6,FAILED,-1.4,"HISTORICAL BACKTEST","Yahoo Finance;Technical Analysis;NSE India"
AV-202602-25-163,INFY.NS,"INFY",Stock,BULLISH,67,2026-02-25T09:30:00,RISK_OFF,0x7eb0ea716ad2a,MEUCI1rbgufu3odm,0xA1B2C3D4E5F6,FAILED,-0.1,"HISTORICAL BACKTEST","Yahoo Finance;Technical Analysis;NSE India"
AV-202602-27-164,TCS.NS,"TCS",Stock,BEARISH,68,2026-02-27T09:30:00,NEUTRAL,0x2c7321d7cddef,MEUCI86vu6ewr43s,0xA1B2C3D4E5F6,FAILED,-2.2,"HISTORICAL BACKTEST","Yahoo Finance;Technical Analysis;NSE India"
AV-202602-27-165,^NSEBANK,"Nifty NSEBANK",Index,BEARISH,81,2026-02-27T09:30:00,RISK_ON,0x9fcae610940f1,MEUCIuj6f0s302,0xA1B2C3D4E5F6,PENDING,,"HISTORICAL BACKTEST","Yahoo Finance;Technical Analysis;NSE India"
AV-202602-27-166,^NSEBANK,"Nifty NSEBANK",Index,BULLISH,88,2026-02-27T09:30:00,RISK_OFF,0xb5c13c2f45a8d,MEUCIiz9kpjopcp,0xA1B2C3D4E5F6,PENDING,,"HISTORICAL BACKTEST","Yahoo Finance;Technical Analysis;NSE India"
AV-202602-27-167,ICICIBANK.NS,"ICICIBANK",Stock,BULLISH,68,2026-02-27T09:30:00,RISK_ON,0x3934667913275,MEUCIpyw6scdm87,0xA1B2C3D4E5F6,PARTIAL,0.3,"HISTORICAL BACKTEST","Yahoo Finance;Technical Analysis;NSE India"
AV-202603-01-168,RELIANCE.NS,"RELIANCE",Stock,BULLISH,69,2026-03-01T09:30:00,NEUTRAL,0xeb4f85b600d98,MEUCIgeyn1azyl0b,0xA1B2C3D4E5F6,PARTIAL,0.2,"HISTORICAL BACKTEST","Yahoo Finance;Technical Analysis;NSE India"
AV-202603-01-169,INFY.NS,"INFY",Stock,BEARISH,82,2026-03-01T09:30:00,NEUTRAL,0x299b7cca6fa5c,MEUCIavbqxbnh2sq,0xA1B2C3D4E5F6,PENDING,,"HISTORICAL BACKTEST","Yahoo Finance;Technical Analysis;NSE India"
AV-202603-01-170,TCS.NS,"TCS",Stock,BULLISH,68,2026-03-01T09:30:00,RISK_ON,0x0fd83fef19e48,MEUCIm0ah6detr6a,0xA1B2C3D4E5F6,SUCCESS,3.8,"HISTORICAL BACKTEST","Yahoo Finance;Technical Analysis;NSE India"
AV-202603-01-171,ICICIBANK.NS,"ICICIBANK",Stock,BEARISH,89,2026-03-01T09:30:00,RISK_ON,0x01c022accdb45,MEUCIkojaaclytrs,0xA1B2C3D4E5F6,SUCCESS,2.3,"HISTORICAL BACKTEST","Yahoo Finance;Technical Analysis;NSE India"
AV-202603-03-172,ICICIBANK.NS,"ICICIBANK",Stock,BEARISH,79,2026-03-03T09:30:00,NEUTRAL,0xc8f86a8c61b2,MEUCIrvmz1p0tjil,0xA1B2C3D4E5F6,PARTIAL,-0.9,"HISTORICAL BACKTEST","Yahoo Finance;Technical Analysis;NSE India"
AV-202603-03-173,RELIANCE.NS,"RELIANCE",Stock,BEARISH,83,2026-03-03T09:30:00,NEUTRAL,0x30be5a7adea59,MEUCIeg6virr0rqf,0xA1B2C3D4E5F6,PENDING,,"HISTORICAL BACKTEST","Yahoo Finance;Technical Analysis;NSE India"
AV-202603-05-174,ICICIBANK.NS,"ICICIBANK",Stock,BULLISH,80,2026-03-05T09:30:00,RISK_ON,0x9b5648d9575bf,MEUCIds213zdgtnw,0xA1B2C3D4E5F6,SUCCESS,4.8,"HISTORICAL BACKTEST","Yahoo Finance;Technical Analysis;NSE India"
AV-202603-05-175,HDFCBANK.NS,"HDFCBANK",Stock,BEARISH,79,2026-03-05T09:30:00,NEUTRAL,0x5450088af4382,MEUCIxvhl9a2kt1,0xA1B2C3D4E5F6,PENDING,,"HISTORICAL BACKTEST","Yahoo Finance;Technical Analysis;NSE India"
AV-202603-05-176,TCS.NS,"TCS",Stock,BEARISH,88,2026-03-05T09:30:00,RISK_ON,0xe5ce7e38c7e98,MEUCI84k2vayaces,0xA1B2C3D4E5F6,PENDING,,"HISTORICAL BACKTEST","Yahoo Finance;Technical Analysis;NSE India"
AV-202603-07-177,^NSEI,"Nifty NSEI",Index,BEARISH,90,2026-03-07T09:30:00,RISK_OFF,0xb335de60655a7,MEUCIsrfsi6kbnz,0xA1B2C3D4E5F6,SUCCESS,3.1,"HISTORICAL BACKTEST","Yahoo Finance;Technical Analysis;NSE India"
AV-202603-07-178,RELIANCE.NS,"RELIANCE",Stock,BULLISH,66,2026-03-07T09:30:00,NEUTRAL,0x8b20f5396ef33,MEUCIh1lqlex9q97,0xA1B2C3D4E5F6,PARTIAL,0.4,"HISTORICAL BACKTEST","Yahoo Finance;Technical Analysis;NSE India"
AV-202603-07-179,HDFCBANK.NS,"HDFCBANK",Stock,BEARISH,94,2026-03-07T09:30:00,RISK_OFF,0x9c04fd6b18325,MEUCIpx492ma0sh,0xA1B2C3D4E5F6,PARTIAL,0.4,"HISTORICAL BACKTEST","Yahoo Finance;Technical Analysis;NSE India"
AV-202603-07-180,TCS.NS,"TCS",Stock,BEARISH,89,2026-03-07T09:30:00,RISK_ON,0x107c8c701eb2c,MEUCI0rw88almpz7,0xA1B2C3D4E5F6,FAILED,-1,"HISTORICAL BACKTEST","Yahoo Finance;Technical Analysis;NSE India"
AV-202603-09-181,USDINR=X,"USDINR=X",Forex,BULLISH,78,2026-03-09T09:30:00,RISK_OFF,0xae9902b38fdc8,MEUCImbk3ytjh3n8,0xA1B2C3D4E5F6,SUCCESS,4.3,"HISTORICAL BACKTEST","Yahoo Finance;Technical Analysis;NSE India"
AV-202603-09-182,RELIANCE.NS,"RELIANCE",Stock,BEARISH,77,2026-03-09T09:30:00,RISK_ON,0xd8db501b7fb81,MEUCIj79xyos5iv,0xA1B2C3D4E5F6,PENDING,,"HISTORICAL BACKTEST","Yahoo Finance;Technical Analysis;NSE India"
AV-202603-09-183,^NSEI,"Nifty NSEI",Index,BULLISH,71,2026-03-09T09:30:00,NEUTRAL,0x6f5f6af24c4ee,MEUCItu8qmv0mw6,0xA1B2C3D4E5F6,PARTIAL,-0.4,"HISTORICAL BACKTEST","Yahoo Finance;Technical Analysis;NSE India"
AV-202603-09-184,^NSEI,"Nifty NSEI",Index,BULLISH,86,2026-03-09T09:30:00,RISK_ON,0xf2bfde2b5fa44,MEUCIz8vmchs9lo,0xA1B2C3D4E5F6,PENDING,,"HISTORICAL BACKTEST","Yahoo Finance;Technical Analysis;NSE India"
AV-202603-11-185,ICICIBANK.NS,"ICICIBANK",Stock,BULLISH,83,2026-03-11T09:30:00,RISK_OFF,0x1ceb0527adf,MEUCIqx98hlllbhi,0xA1B2C3D4E5F6,FAILED,-2.6,"HISTORICAL BACKTEST","Yahoo Finance;Technical Analysis;NSE India"
AV-202603-11-186,^NSEBANK,"Nifty NSEBANK",Index,BEARISH,75,2026-03-11T09:30:00,RISK_ON,0x0285f54a1dcaf,MEUCIaxz1vlwbfes,0xA1B2C3D4E5F6,SUCCESS,3.5,"HISTORICAL BACKTEST","Yahoo Finance;Technical Analysis;NSE India"
AV-202603-11-187,TCS.NS,"TCS",Stock,BULLISH,72,2026-03-11T09:30:00,RISK_ON,0x2b9561a3c5b37,MEUCIomq8evqps8,0xA1B2C3D4E5F6,PENDING,,"HISTORICAL BACKTEST","Yahoo Finance;Technical Analysis;NSE India"
AV-202603-11-188,USDINR=X,"USDINR=X",Forex,BULLISH,81,2026-03-11T09:30:00,RISK_OFF,0xfd79dac4e3a8e,MEUCI03inxff4es7p,0xA1B2C3D4E5F6,PARTIAL,-0.9,"HISTORICAL BACKTEST","Yahoo Finance;Technical Analysis;NSE India"
AV-202603-13-189,^NSEBANK,"Nifty NSEBANK",Index,BEARISH,80,2026-03-13T09:30:00,RISK_OFF,0xe4d0661658337,MEUCIhapp9ppdqr,0xA1B2C3D4E5F6,FAILED,-2.2,"HISTORICAL BACKTEST","Yahoo Finance;Technical Analysis;NSE India"
AV-202603-13-190,HDFCBANK.NS,"HDFCBANK",Stock,BEARISH,88,2026-03-13T09:30:00,NEUTRAL,0x7c28e4900651e,MEUCIyvowrykkf2e,0xA1B2C3D4E5F6,PENDING,,"HISTORICAL BACKTEST","Yahoo Finance;Technical Analysis;NSE India"
AV-202603-15-191,RELIANCE.NS,"RELIANCE",Stock,BULLISH,87,2026-03-15T09:30:00,NEUTRAL,0x957b8b0d2d577,MEUCI1zutb1pvi8f,0xA1B2C3D4E5F6,PENDING,,"HISTORICAL BACKTEST","Yahoo Finance;Technical Analysis;NSE India"
AV-202603-15-192,ICICIBANK.NS,"ICICIBANK",Stock,BEARISH,71,2026-03-15T09:30:00,RISK_ON,0x0df989e1016a2,MEUCI5bsyqxpk66,0xA1B2C3D4E5F6,PENDING,,"HISTORICAL BACKTEST","Yahoo Finance;Technical Analysis;NSE India"
AV-202603-15-193,^NSEBANK,"Nifty NSEBANK",Index,BEARISH,85,2026-03-15T09:30:00,RISK_ON,0xb70ce45fb90cd,MEUCIp4ira42fagq,0xA1B2C3D4E5F6,SUCCESS,2.8,"HISTORICAL BACKTEST","Yahoo Finance;Technical Analysis;NSE India"
AV-202603-17-194,HDFCBANK.NS,"HDFCBANK",Stock,BULLISH,77,2026-03-17T09:30:00,NEUTRAL,0xb984b7aec0f34,MEUCIuvl7scba46o,0xA1B2C3D4E5F6,PENDING,,"HISTORICAL BACKTEST","Yahoo Finance;Technical Analysis;NSE India"
AV-202603-17-195,HDFCBANK.NS,"HDFCBANK",Stock,BULLISH,68,2026-03-17T09:30:00,NEUTRAL,0xd7b8747764918,MEUCIk29q74ttgm,0xA1B2C3D4E5F6,PARTIAL,-0.1,"HISTORICAL BACKTEST","Yahoo Finance;Technical Analysis;NSE India"
AV-202603-17-196,HDFCBANK.NS,"HDFCBANK",Stock,BULLISH,66,2026-03-17T09:30:00,RISK_ON,0xe54e0eadaaa66,MEUCIts506yalhy,0xA1B2C3D4E5F6,PARTIAL,-0.7,"HISTORICAL BACKTEST","Yahoo Finance;Technical Analysis;NSE India"
AV-202603-17-197,USDINR=X,"USDINR=X",Forex,BULLISH,78,2026-03-17T09:30:00,NEUTRAL,0x501bcad04553,MEUCI282gcl4r3m5,0xA1B2C3D4E5F6,PENDING,,"HISTORICAL BACKTEST","Yahoo Finance;Technical Analysis;NSE India"
AV-202603-19-198,^NSEI,"Nifty NSEI",Index,BEARISH,92,2026-03-19T09:30:00,RISK_ON,0x9dbafb7298251,MEUCIdjgh3cr26im,0xA1B2C3D4E5F6,SUCCESS,0.9,"HISTORICAL BACKTEST","Yahoo Finance;Technical Analysis;NSE India"
AV-202603-19-199,USDINR=X,"USDINR=X",Forex,BULLISH,77,2026-03-19T09:30:00,NEUTRAL,0x4649586cdde0b,MEUCI8dxrh46gx3,0xA1B2C3D4E5F6,SUCCESS,2.3,"HISTORICAL BACKTEST","Yahoo Finance;Technical Analysis;NSE India"
AV-202603-21-200,RELIANCE.NS,"RELIANCE",Stock,BEARISH,88,2026-03-21T09:30:00,RISK_OFF,0x8ccd89576eafd,MEUCIvktccnvszfe,0xA1B2C3D4E5F6,FAILED,-0.8,"HISTORICAL BACKTEST","Yahoo Finance;Technical Analysis;NSE India"
AV-202603-21-201,INFY.NS,"INFY",Stock,BULLISH,91,2026-03-21T09:30:00,RISK_ON,0x0f6bc316d5d2e,MEUCIspo6cwxan7,0xA1B2C3D4E5F6,FAILED,-2.4,"HISTORICAL BACKTEST","Yahoo Finance;Technical Analysis;NSE India"
AV-202603-21-202,INFY.NS,"INFY",Stock,BULLISH,70,2026-03-21T09:30:00,RISK_OFF,0x3a2f4acff35cf,MEUCIu3heqtn7b7,0xA1B2C3D4E5F6,FAILED,0,"HISTORICAL BACKTEST","Yahoo Finance;Technical Analysis;NSE India"
AV-202603-21-203,ICICIBANK.NS,"ICICIBANK",Stock,BULLISH,72,2026-03-21T09:30:00,RISK_OFF,0x15adee7aa1afb,MEUCI6rlr06hq0ih,0xA1B2C3D4E5F6,PARTIAL,0.5,"HISTORICAL BACKTEST","Yahoo Finance;Technical Analysis;NSE India"
AV-202603-23-204,ICICIBANK.NS,"ICICIBANK",Stock,BULLISH,88,2026-03-23T09:30:00,NEUTRAL,0xea3382b17b9e1,MEUCInrswc61byvr,0xA1B2C3D4E5F6,SUCCESS,3.4,"HISTORICAL BACKTEST","Yahoo Finance;Technical Analysis;NSE India"
AV-202603-23-205,ICICIBANK.NS,"ICICIBANK",Stock,BULLISH,71,2026-03-23T09:30:00,RISK_ON,0x975354eff7b4,MEUCItd4auux57mm,0xA1B2C3D4E5F6,PARTIAL,-0.2,"HISTORICAL BACKTEST","Yahoo Finance;Technical Analysis;NSE India"
AV-202603-25-206,^NSEBANK,"Nifty NSEBANK",Index,BEARISH,67,2026-03-25T09:30:00,RISK_ON,0x7fc7d3968bab4,MEUCI0hq2kusj1cun,0xA1B2C3D4E5F6,PARTIAL,-0.7,"HISTORICAL BACKTEST","Yahoo Finance;Technical Analysis;NSE India"
AV-202603-25-207,HDFCBANK.NS,"HDFCBANK",Stock,BULLISH,90,2026-03-25T09:30:00,NEUTRAL,0x6c36f944e8ee8,MEUCIpenwwmvv3u9,0xA1B2C3D4E5F6,PARTIAL,-0.4,"HISTORICAL BACKTEST","Yahoo Finance;Technical Analysis;NSE India"
AV-202603-27-208,^NSEBANK,"Nifty NSEBANK",Index,BULLISH,71,2026-03-27T09:30:00,RISK_ON,0xfdaff75dbf967,MEUCI20va5x78aix,0xA1B2C3D4E5F6,PARTIAL,0.6,"HISTORICAL BACKTEST","Yahoo Finance;Technical Analysis;NSE India"
AV-202603-27-209,INFY.NS,"INFY",Stock,BULLISH,73,2026-03-27T09:30:00,RISK_ON,0xb790468218ec,MEUCIw4rv2mkf12h,0xA1B2C3D4E5F6,FAILED,-2.2,"HISTORICAL BACKTEST","Yahoo Finance;Technical Analysis;NSE India"
AV-202603-27-210,^NSEBANK,"Nifty NSEBANK",Index,BEARISH,85,2026-03-27T09:30:00,RISK_OFF,0xa4779c111a022,MEUCIfssakyjkf9,0xA1B2C3D4E5F6,PARTIAL,-0.9,"HISTORICAL BACKTEST","Yahoo Finance;Technical Analysis;NSE India"
AV-202603-27-211,USDINR=X,"USDINR=X",Forex,BEARISH,69,2026-03-27T09:30:00,RISK_ON,0xc6a59c3bfefe9,MEUCIhg1y8mh02n6,0xA1B2C3D4E5F6,PARTIAL,-0.5,"HISTORICAL BACKTEST","Yahoo Finance;Technical Analysis;NSE India"
AV-202604-01-212,^NSEBANK,"Nifty NSEBANK",Index,BEARISH,77,2026-04-01T09:30:00,NEUTRAL,0x90bceec9c08e9,MEUCIdspnxks3y6l,0xA1B2C3D4E5F6,FAILED,-2.1,"HISTORICAL BACKTEST","Yahoo Finance;Technical Analysis;NSE India"
AV-202604-01-213,USDINR=X,"USDINR=X",Forex,BEARISH,82,2026-04-01T09:30:00,RISK_OFF,0x30e10ab2b6738,MEUCIx8fysfnbvg,0xA1B2C3D4E5F6,SUCCESS,1.5,"HISTORICAL BACKTEST","Yahoo Finance;Technical Analysis;NSE India"
AV-202604-01-214,ICICIBANK.NS,"ICICIBANK",Stock,BULLISH,91,2026-04-01T09:30:00,RISK_ON,0x351c83cb70ca1,MEUCIi4zwxyrox3d,0xA1B2C3D4E5F6,FAILED,-1.6,"HISTORICAL BACKTEST","Yahoo Finance;Technical Analysis;NSE India"
AV-202604-03-215,^NSEI,"Nifty NSEI",Index,BULLISH,91,2026-04-03T09:30:00,RISK_ON,0xe39a513843b31,MEUCIll3m4x2qnyd,0xA1B2C3D4E5F6,SUCCESS,1.7,"HISTORICAL BACKTEST","Yahoo Finance;Technical Analysis;NSE India"
AV-202604-03-216,RELIANCE.NS,"RELIANCE",Stock,BULLISH,93,2026-04-03T09:30:00,RISK_ON,0x5061ed2e853e7,MEUCI9p5rdc3qdkl,0xA1B2C3D4E5F6,PENDING,,"HISTORICAL BACKTEST","Yahoo Finance;Technical Analysis;NSE India"
AV-202604-05-217,HDFCBANK.NS,"HDFCBANK",Stock,BEARISH,71,2026-04-05T09:30:00,RISK_ON,0x9a0e26c221b8f,MEUCIaqgll0dq47g,0xA1B2C3D4E5F6,FAILED,-2.2,"HISTORICAL BACKTEST","Yahoo Finance;Technical Analysis;NSE India"
AV-202604-05-218,HDFCBANK.NS,"HDFCBANK",Stock,BULLISH,92,2026-04-05T09:30:00,RISK_OFF,0x37cafaa938785,MEUCIqut42ilhprh,0xA1B2C3D4E5F6,PENDING,,"HISTORICAL BACKTEST","Yahoo Finance;Technical Analysis;NSE India"
AV-202604-05-219,^NSEBANK,"Nifty NSEBANK",Index,BULLISH,94,2026-04-05T09:30:00,NEUTRAL,0xc3fea1c92c3fa,MEUCI2ltk57lba3s,0xA1B2C3D4E5F6,PENDING,,"HISTORICAL BACKTEST","Yahoo Finance;Technical Analysis;NSE India"
AV-202604-07-220,HDFCBANK.NS,"HDFCBANK",Stock,BULLISH,70,2026-04-07T09:30:00,RISK_ON,0xd1bbfbea8307,MEUCIsl4ljurto6h,0xA1B2C3D4E5F6,SUCCESS,0.7,"HISTORICAL BACKTEST","Yahoo Finance;Technical Analysis;NSE India"
AV-202604-07-221,^NSEBANK,"Nifty NSEBANK",Index,BEARISH,89,2026-04-07T09:30:00,NEUTRAL,0xf3f4f2150bb99,MEUCIy9t73g0fxss,0xA1B2C3D4E5F6,SUCCESS,5,"HISTORICAL BACKTEST","Yahoo Finance;Technical Analysis;NSE India"
AV-202604-07-222,TCS.NS,"TCS",Stock,BULLISH,90,2026-04-07T09:30:00,NEUTRAL,0x388b1662c296f,MEUCIhuhd1pjcuxl,0xA1B2C3D4E5F6,PENDING,,"HISTORICAL BACKTEST","Yahoo Finance;Technical Analysis;NSE India"
AV-202604-07-223,TCS.NS,"TCS",Stock,BEARISH,87,2026-04-07T09:30:00,NEUTRAL,0xc55de23329ff,MEUCI4zz1vucep9k,0xA1B2C3D4E5F6,SUCCESS,4.6,"HISTORICAL BACKTEST","Yahoo Finance;Technical Analysis;NSE India"
AV-202604-09-224,ICICIBANK.NS,"ICICIBANK",Stock,BEARISH,75,2026-04-09T09:30:00,RISK_OFF,0x340c6e9c9e83d,MEUCI93zwd3rjk79,0xA1B2C3D4E5F6,PENDING,,"HISTORICAL BACKTEST","Yahoo Finance;Technical Analysis;NSE India"
AV-202604-09-225,INFY.NS,"INFY",Stock,BEARISH,94,2026-04-09T09:30:00,NEUTRAL,0x0db15e4046086,MEUCIjukjjo0uspi,0xA1B2C3D4E5F6,PARTIAL,0.4,"HISTORICAL BACKTEST","Yahoo Finance;Technical Analysis;NSE India"
AV-202604-09-226,RELIANCE.NS,"RELIANCE",Stock,BEARISH,79,2026-04-09T09:30:00,RISK_OFF,0xc90da6bdf537c,MEUCI6rhwrn5urx2,0xA1B2C3D4E5F6,PENDING,,"HISTORICAL BACKTEST","Yahoo Finance;Technical Analysis;NSE India"
AV-202604-11-227,RELIANCE.NS,"RELIANCE",Stock,BEARISH,68,2026-04-11T09:30:00,RISK_OFF,0xcfae8a9b8aae5,MEUCI46frb751j9z,0xA1B2C3D4E5F6,PENDING,,"HISTORICAL BACKTEST","Yahoo Finance;Technical Analysis;NSE India"
AV-202604-11-228,RELIANCE.NS,"RELIANCE",Stock,BEARISH,70,2026-04-11T09:30:00,RISK_OFF,0x80206d0c82942,MEUCIud28g7wqzlf,0xA1B2C3D4E5F6,SUCCESS,0.7,"HISTORICAL BACKTEST","Yahoo Finance;Technical Analysis;NSE India"
AV-202604-13-229,^NSEBANK,"Nifty NSEBANK",Index,BEARISH,86,2026-04-13T09:30:00,RISK_ON,0xb63fbec3a765f,MEUCIugyv3zv4wcs,0xA1B2C3D4E5F6,PARTIAL,-0.3,"HISTORICAL BACKTEST","Yahoo Finance;Technical Analysis;NSE India"
AV-202604-13-230,USDINR=X,"USDINR=X",Forex,BULLISH,91,2026-04-13T09:30:00,NEUTRAL,0xefe64c96de757,MEUCIsz9a5a37297,0xA1B2C3D4E5F6,FAILED,-2.4,"HISTORICAL BACKTEST","Yahoo Finance;Technical Analysis;NSE India"
AV-202604-15-231,INFY.NS,"INFY",Stock,BULLISH,86,2026-04-15T09:30:00,RISK_OFF,0x9c58c9d9b29bb,MEUCIhdeh6ofxyss,0xA1B2C3D4E5F6,PENDING,,"HISTORICAL BACKTEST","Yahoo Finance;Technical Analysis;NSE India"
AV-202604-15-232,INFY.NS,"INFY",Stock,BULLISH,74,2026-04-15T09:30:00,NEUTRAL,0x1648e66f7cda4,MEUCIaatdyf9o88r,0xA1B2C3D4E5F6,PENDING,,"HISTORICAL BACKTEST","Yahoo Finance;Technical Analysis;NSE India"
AV-202604-15-233,ICICIBANK.NS,"ICICIBANK",Stock,BULLISH,74,2026-04-15T09:30:00,RISK_OFF,0xd15b0cb86e7bc,MEUCIychc3vcfcd,0xA1B2C3D4E5F6,SUCCESS,3.4,"HISTORICAL BACKTEST","Yahoo Finance;Technical Analysis;NSE India"
AV-202604-15-234,USDINR=X,"USDINR=X",Forex,BEARISH,81,2026-04-15T09:30:00,RISK_ON,0x0b684e70426c4,MEUCIhjax7hwef8k,0xA1B2C3D4E5F6,FAILED,-1.2,"HISTORICAL BACKTEST","Yahoo Finance;Technical Analysis;NSE India"
AV-202604-17-235,^NSEBANK,"Nifty NSEBANK",Index,BULLISH,92,2026-04-17T09:30:00,NEUTRAL,0x697540b17525a,MEUCI4rnwq073q4d,0xA1B2C3D4E5F6,PARTIAL,0.4,"HISTORICAL BACKTEST","Yahoo Finance;Technical Analysis;NSE India"
AV-202604-17-236,HDFCBANK.NS,"HDFCBANK",Stock,BULLISH,81,2026-04-17T09:30:00,RISK_ON,0xf711907486216,MEUCI4mkiz7ysmnh,0xA1B2C3D4E5F6,FAILED,-2,"HISTORICAL BACKTEST","Yahoo Finance;Technical Analysis;NSE India"
AV-202604-17-237,^NSEBANK,"Nifty NSEBANK",Index,BULLISH,67,2026-04-17T09:30:00,RISK_OFF,0xbe6c6813d1fc1,MEUCIhvqnecejxec,0xA1B2C3D4E5F6,FAILED,-2.6,"HISTORICAL BACKTEST","Yahoo Finance;Technical Analysis;NSE India"
AV-202604-17-238,^NSEBANK,"Nifty NSEBANK",Index,BULLISH,71,2026-04-17T09:30:00,RISK_ON,0xb5554e3993a96,MEUCIt4qe8oce5u,0xA1B2C3D4E5F6,PARTIAL,-0.8,"HISTORICAL BACKTEST","Yahoo Finance;Technical Analysis;NSE India"
AV-202604-19-239,ICICIBANK.NS,"ICICIBANK",Stock,BULLISH,88,2026-04-19T09:30:00,RISK_OFF,0xa5e835c4caa07,MEUCIcbfg7n9g1g6,0xA1B2C3D4E5F6,PENDING,,"HISTORICAL BACKTEST","Yahoo Finance;Technical Analysis;NSE India"
AV-202604-19-240,INFY.NS,"INFY",Stock,BULLISH,87,2026-04-19T09:30:00,RISK_OFF,0x7fbdeda27cdfb,MEUCIx8wimky3gyo,0xA1B2C3D4E5F6,PENDING,,"HISTORICAL BACKTEST","Yahoo Finance;Technical Analysis;NSE India"
AV-202604-19-241,ICICIBANK.NS,"ICICIBANK",Stock,BEARISH,77,2026-04-19T09:30:00,RISK_ON,0xb2a6467185b9a,MEUCIczv9yq68ykk,0xA1B2C3D4E5F6,SUCCESS,3.6,"HISTORICAL BACKTEST","Yahoo Finance;Technical Analysis;NSE India"
AV-202604-21-242,^NSEBANK,"Nifty NSEBANK",Index,BEARISH,83,2026-04-21T09:30:00,RISK_ON,0x827b20af8ef36,MEUCIj1v81m0gseq,0xA1B2C3D4E5F6,PARTIAL,-0.1,"HISTORICAL BACKTEST","Yahoo Finance;Technical Analysis;NSE India"
AV-202604-21-243,^NSEI,"Nifty NSEI",Index,BULLISH,89,2026-04-21T09:30:00,NEUTRAL,0x17daec48ab34d,MEUCIn1ihsgifm8,0xA1B2C3D4E5F6,PENDING,,"HISTORICAL BACKTEST","Yahoo Finance;Technical Analysis;NSE India"
AV-202604-21-244,^NSEBANK,"Nifty NSEBANK",Index,BULLISH,75,2026-04-21T09:30:00,RISK_OFF,0x26beb0d630b59,MEUCIticnf6ary3o,0xA1B2C3D4E5F6,FAILED,-0.6,"HISTORICAL BACKTEST","Yahoo Finance;Technical Analysis;NSE India"
AV-202604-21-245,^NSEBANK,"Nifty NSEBANK",Index,BEARISH,75,2026-04-21T09:30:00,RISK_ON,0xd4e5cde62d8d,MEUCItr7a81w9gt,0xA1B2C3D4E5F6,SUCCESS,0.4,"HISTORICAL BACKTEST","Yahoo Finance;Technical Analysis;NSE India"
AV-202604-23-246,^NSEBANK,"Nifty NSEBANK",Index,BULLISH,71,2026-04-23T09:30:00,RISK_OFF,0xe8836ac4e133d,MEUCIxw90vmbew0e,0xA1B2C3D4E5F6,PARTIAL,-0.8,"HISTORICAL BACKTEST","Yahoo Finance;Technical Analysis;NSE India"
AV-202604-23-247,^NSEBANK,"Nifty NSEBANK",Index,BULLISH,89,2026-04-23T09:30:00,RISK_OFF,0xb0009fafe1266,MEUCIe8g3h7d9qcw,0xA1B2C3D4E5F6,PARTIAL,0.6,"HISTORICAL BACKTEST","Yahoo Finance;Technical Analysis;NSE India"
AV-202604-23-248,USDINR=X,"USDINR=X",Forex,BEARISH,75,2026-04-23T09:30:00,RISK_OFF,0xf1d84904cc1cc,MEUCIe42qlbdwmn,0xA1B2C3D4E5F6,FAILED,-0.1,"HISTORICAL BACKTEST","Yahoo Finance;Technical Analysis;NSE India"
AV-202604-25-249,TCS.NS,"TCS",Stock,BEARISH,73,2026-04-25T09:30:00,RISK_OFF,0xe720da3d93861,MEUCI9kioeum4h8r,0xA1B2C3D4E5F6,FAILED,-2.2,"HISTORICAL BACKTEST","Yahoo Finance;Technical Analysis;NSE India"
AV-202604-25-250,^NSEI,"Nifty NSEI",Index,BEARISH,76,2026-04-25T09:30:00,RISK_OFF,0x72b8f0b5d3bef,MEUCIp6oeyv6fi9j,0xA1B2C3D4E5F6,PARTIAL,0,"HISTORICAL BACKTEST","Yahoo Finance;Technical Analysis;NSE India"
AV-202604-25-251,HDFCBANK.NS,"HDFCBANK",Stock,BEARISH,79,2026-04-25T09:30:00,RISK_ON,0xb378722da0cec,MEUCI6b9mul6med8,0xA1B2C3D4E5F6,SUCCESS,3.2,"HISTORICAL BACKTEST","Yahoo Finance;Technical Analysis;NSE India"
AV-202604-27-252,USDINR=X,"USDINR=X",Forex,BEARISH,79,2026-04-27T09:30:00,NEUTRAL,0x671c86c927699,MEUCIdq01lpfxsbj,0xA1B2C3D4E5F6,PARTIAL,0.1,"HISTORICAL BACKTEST","Yahoo Finance;Technical Analysis;NSE India"
AV-202604-27-253,HDFCBANK.NS,"HDFCBANK",Stock,BULLISH,74,2026-04-27T09:30:00,RISK_OFF,0xbdfbd3853f0f7,MEUCIqhq0oi90nf9,0xA1B2C3D4E5F6,PENDING,,"HISTORICAL BACKTEST","Yahoo Finance;Technical Analysis;NSE India"
AV-202604-27-254,INFY.NS,"INFY",Stock,BULLISH,91,2026-04-27T09:30:00,RISK_ON,0x22980732b89f9,MEUCIega699fc3ok,0xA1B2C3D4E5F6,PENDING,,"HISTORICAL BACKTEST","Yahoo Finance;Technical Analysis;NSE India"
